simulation_id,tick,day,event_id,strength,reality,disinformers,converted_disinformers,interactions,ingroup_interactions,outgroup_interactions,new_conversions,trust_change,trust_delta_mean,trust_delta_min,trust_delta_max,effectiveness_score,interaction_efficiency
experiment_001,0,1,0,0.69,0.47,275,0,2841,2149,692,0,-0.0005697742693545615,-0.0005697742693544711,-0.06350163329398278,0.0,0.0,2.0055412508080307e-07
experiment_001,0,1,1,0.6,0.36,289,0,2831,2129,702,0,-0.00041983649620880303,-0.000419836496208835,-0.035380900834010194,0.0,0.0,1.4829971607516885e-07
experiment_001,0,1,2,0.87,0.34,111,0,1026,769,257,0,-0.0002696504731549698,-0.00026965047315511244,-0.0497697693140016,0.0,0.0,2.6281722529724156e-07
experiment_001,0,1,3,0.48,0.32,105,0,1002,756,246,0,-0.0001266142603491005,-0.00012661426034891955,-0.03879579246328911,0.0,0.0,1.263615372745514e-07
experiment_001,0,1,4,0.57,0.28,299,0,2766,2071,695,0,-0.0004031436595047788,-0.00040314365950479015,-0.037951887237395364,0.0,0.0,1.4574969613332569e-07
experiment_001,0,1,5,0.78,0.4,198,0,1978,1498,480,0,-0.00043999810954165053,-0.00043999810954167736,-0.06571776712628,0.0,0.0,2.2244596033450482e-07
experiment_001,0,1,6,0.71,0.5,267,0,2577,1943,634,0,-0.0005118473271539248,-0.0005118473271539134,-0.06106093128281183,0.0,0.0,1.9862139198832938e-07
experiment_001,0,1,7,0.66,0.22,320,0,3066,2313,753,0,-0.0005210957701676788,-0.0005210957701676953,-0.044375447627155215,0.0,0.0,1.6995948146369171e-07
experiment_001,0,1,8,0.59,0.35,190,0,1914,1450,464,0,-0.00031395911371234764,-0.0003139591137123126,-0.03064152900011327,0.0,0.0,1.640329747713415e-07
experiment_001,0,1,9,0.74,0.44,308,0,3016,2274,742,0,-0.0006264323952954731,-0.0006264323952954212,-0.06646133561250711,0.0,0.0,2.0770304883802158e-07
experiment_001,0,1,10,0.61,0.29,263,0,2578,1941,637,0,-0.0003973487052703062,-0.0003973487052703922,-0.05164910184993317,0.0,0.0,1.5413060716458734e-07
experiment_001,0,1,11,0.5,0.42,173,0,1615,1211,404,0,-0.00019627130477850585,-0.000196271304778473,-0.03414222199078755,0.0,0.0,1.215302196770934e-07
experiment_001,0,1,12,0.68,0.38,252,0,2410,1808,602,0,-0.0004407837032359696,-0.00044078370323592266,-0.048504064638741316,0.0,0.0,1.828978021726015e-07
experiment_001,0,1,13,0.76,0.25,243,0,2352,1774,578,0,-0.0004886671147870114,-0.0004886671147870947,-0.052684366669214874,0.0,0.0,2.077666304366545e-07
experiment_001,0,1,14,0.45,0.19,337,0,3343,2524,819,0,-0.00036475717765549476,-0.0003647571776554664,-0.04089060153095931,0.0,0.0,1.0911073217334573e-07
experiment_001,1,2,0,0.69,0.47,275,0,2535,1899,636,0,-0.0004640592938583987,-0.0004640592938583344,-0.056187381368015626,0.0,0.0,1.8306086542737623e-07
experiment_001,1,2,1,0.6,0.36,289,0,2815,2128,687,0,-0.00044206074274666385,-0.0004420607427467077,-0.04810145757339343,0.0,0.0,1.5703756403078646e-07
experiment_001,1,2,2,0.87,0.34,111,0,1187,900,287,0,-0.0003080121852067075,-0.00030801218520677155,-0.056758712371044795,0.0,0.0,2.5948794035948395e-07
experiment_001,1,2,3,0.48,0.32,105,0,1060,801,259,0,-0.00010701875357577162,-0.00010701875357569438,-0.02442097459377452,0.0,0.0,1.0096108827902983e-07
experiment_001,1,2,4,0.57,0.28,299,0,2926,2210,716,0,-0.0004444289622070885,-0.0004444289622071131,-0.04625457690996672,0.0,0.0,1.518895974733727e-07
experiment_001,1,2,5,0.78,0.4,198,0,1921,1445,476,0,-0.00040706525430800333,-0.0004070652543081088,-0.05047369932684895,0.0,0.0,2.1190278725039216e-07
experiment_001,1,2,6,0.71,0.5,267,0,2661,2021,640,0,-0.0005483199548221851,-0.0005483199548221065,-0.04439879580909025,0.0,0.0,2.0605785600232435e-07
experiment_001,1,2,7,0.66,0.22,320,0,3276,2476,800,0,-0.0005842926150474437,-0.0005842926150474457,-0.04903520214407241,0.0,0.0,1.783554990987313e-07
experiment_001,1,2,8,0.59,0.35,190,0,1949,1480,469,0,-0.0003029877725556629,-0.0003029877725556669,-0.032147650483970724,0.0,0.0,1.554580669859738e-07
experiment_001,1,2,9,0.74,0.44,308,0,3146,2380,766,0,-0.0006535998568042434,-0.0006535998568041874,-0.056443508962428356,0.0,0.0,2.0775583496638378e-07
experiment_001,1,2,10,0.61,0.29,263,0,2596,1965,631,0,-0.00043469195813417016,-0.00043469195813416827,-0.04589663065161369,0.0,0.0,1.6744682516724584e-07
experiment_001,1,2,11,0.5,0.42,173,0,1685,1268,417,0,-0.00021384099592869354,-0.00021384099592878562,-0.027790845760553844,0.0,0.0,1.2690860292504069e-07
experiment_001,1,2,12,0.68,0.38,252,0,2670,2030,640,0,-0.0005247945285621336,-0.000524794528562122,-0.06637691673639566,0.0,0.0,1.9655225788843955e-07
experiment_001,1,2,13,0.76,0.25,243,0,2418,1823,595,0,-0.0004988713176352633,-0.000498871317635248,-0.05793143299375787,0.0,0.0,2.063156814041618e-07
experiment_001,1,2,14,0.45,0.19,337,0,3255,2456,799,0,-0.00036142732359367713,-0.000361427323593673,-0.0394988128761634,0.0,0.0,1.1103758021311126e-07
experiment_001,2,3,0,0.69,0.47,275,0,2759,2088,671,0,-0.0005567109001402004,-0.0005567109001402,-0.05863679046676159,0.0,0.0,2.017799565567961e-07
experiment_001,2,3,1,0.6,0.36,289,0,2826,2126,700,0,-0.00047450057758036124,-0.00047450057758041176,-0.046932800922175194,0.0,0.0,1.6790537069368762e-07
experiment_001,2,3,2,0.87,0.34,111,0,1162,886,276,0,-0.00030493811965381923,-0.0003049381196537451,-0.048442436478028164,0.0,0.0,2.624252320600854e-07
experiment_001,2,3,3,0.48,0.32,105,0,1003,757,246,0,-0.00010967027427077891,-0.00010967027427088541,-0.022926307086852678,0.0,0.0,1.0934224752819432e-07
experiment_001,2,3,4,0.57,0.28,299,0,2927,2199,728,0,-0.00046799288332532996,-0.0004679928833252802,-0.04192604703225867,0.0,0.0,1.5988824165539117e-07
experiment_001,2,3,5,0.78,0.4,198,0,1889,1423,466,0,-0.0004065293560413519,-0.0004065293560414091,-0.04773972788784944,0.0,0.0,2.152087644475129e-07
experiment_001,2,3,6,0.71,0.5,267,0,2676,2023,653,0,-0.00055686560922108,-0.0005568656092209569,-0.058921131502722324,0.0,0.0,2.0809626652506725e-07
experiment_001,2,3,7,0.66,0.22,320,0,3238,2455,783,0,-0.0005942485743879455,-0.0005942485743880343,-0.061285766836849664,0.0,0.0,1.8352333983568422e-07
experiment_001,2,3,8,0.59,0.35,190,0,1802,1357,445,0,-0.00029079271312781874,-0.0002907927131277795,-0.04469894486896611,0.0,0.0,1.6137220484340664e-07
experiment_001,2,3,9,0.74,0.44,308,0,3137,2382,755,0,-0.0006871566832610254,-0.0006871566832610386,-0.06409652538174779,0.0,0.0,2.190489905199316e-07
experiment_001,2,3,10,0.61,0.29,263,0,2685,2031,654,0,-0.0004553876007435953,-0.00045538760074363514,-0.05202545987541314,0.0,0.0,1.6960432057489583e-07
experiment_001,2,3,11,0.5,0.42,173,0,1778,1351,427,0,-0.0002314389608485401,-0.00023143896084842292,-0.03742737188856714,0.0,0.0,1.301681444592464e-07
experiment_001,2,3,12,0.68,0.38,252,0,2459,1855,604,0,-0.0004649628485557944,-0.0004649628485558395,-0.058832600802121604,0.0,0.0,1.8908615232037187e-07
experiment_001,2,3,13,0.76,0.25,243,0,2388,1803,585,0,-0.0005422268192594171,-0.0005422431286153957,-0.07081546780227421,0.0,0.0,2.270631571438095e-07
experiment_001,2,3,14,0.45,0.19,337,0,3406,2573,833,0,-0.00037498451501294383,-0.00037498451501314235,-0.03453635971776073,0.0,0.0,1.1009527745535638e-07
experiment_001,3,4,0,0.69,0.47,275,0,2686,2025,661,0,-0.0005064581920024569,-0.0005064581920023014,-0.0536901230146248,0.0,0.0,1.8855479970307406e-07
experiment_001,3,4,1,0.6,0.36,289,0,2698,2027,671,0,-0.0004532175410656425,-0.00045321754106567773,-0.05052113782296619,0.0,0.0,1.679827802318912e-07
experiment_001,3,4,2,0.87,0.34,111,0,1049,791,258,0,-0.00028120346837479104,-0.00028120346837472117,-0.05118366963245401,0.0,0.0,2.6806813000456724e-07
experiment_001,3,4,3,0.48,0.32,105,0,1100,832,268,0,-0.00013674410668762516,-0.00013674410668766378,-0.026926608093959536,0.0,0.0,1.243128242614774e-07
experiment_001,3,4,4,0.57,0.28,299,0,2948,2218,730,0,-0.00042163507591730376,-0.00042163507591736355,-0.04502427577646917,0.0,0.0,1.430241098769687e-07
experiment_001,3,4,5,0.78,0.4,198,0,1911,1440,471,0,-0.00042180019180015904,-0.0004218001918002004,-0.057677481326385824,0.0,0.0,2.2072223537423288e-07
experiment_001,3,4,6,0.71,0.5,267,0,2534,1909,625,0,-0.0005183925731333527,-0.0005183925731332836,-0.06512513719704774,0.0,0.0,2.0457481181268853e-07
experiment_001,3,4,7,0.66,0.22,320,0,3094,2331,763,0,-0.0005719958404162284,-0.0005719958404162064,-0.051256064371789714,0.0,0.0,1.8487260517654442e-07
experiment_001,3,4,8,0.59,0.35,190,0,1907,1442,465,0,-0.00029789813891800687,-0.000297898138917947,-0.05397069112817217,0.0,0.0,1.56212972689044e-07
experiment_001,3,4,9,0.74,0.44,308,0,3019,2280,739,0,-0.0006635717014935594,-0.0006635717014936844,-0.06844071653855376,0.0,0.0,2.197985099349319e-07
experiment_001,3,4,10,0.61,0.29,263,0,2581,1952,629,0,-0.0004521072428547157,-0.00045210724285459,-0.04673408751261913,0.0,0.0,1.7516747107892898e-07
experiment_001,3,4,11,0.5,0.42,173,0,1688,1267,421,0,-0.00022742091271077403,-0.00022742091271074738,-0.04451584030057878,0.0,0.0,1.3472802885709362e-07
experiment_001,3,4,12,0.68,0.38,252,0,2514,1901,613,0,-0.0004965015063527201,-0.0004965015063529146,-0.06269040272610436,0.0,0.0,1.9749463259853622e-07
experiment_001,3,4,13,0.76,0.25,243,0,2412,1820,592,0,-0.0005308725343790011,-0.0005308725343788302,-0.06313006156877873,0.0,0.0,2.2009640728814307e-07
experiment_001,3,4,14,0.45,0.19,337,0,3308,2504,804,0,-0.00039175337824248757,-0.0003917533782425008,-0.034019887406130565,0.0,0.0,1.184260514638717e-07
experiment_001,4,5,0,0.69,0.47,275,0,2818,2136,682,0,-0.0005975523877264077,-0.0005979254699195143,-0.08865410965653264,0.0,0.0,2.1204839876735548e-07
experiment_001,4,5,1,0.6,0.36,289,0,2960,2239,721,0,-0.0005158966582280433,-0.0005158966582280074,-0.06505557718428712,0.0,0.0,1.7428941156352815e-07
experiment_001,4,5,2,0.87,0.34,111,0,1129,853,276,0,-0.0002974169059047904,-0.00029741690590499143,-0.06833038217835763,0.0,0.0,2.634339290565017e-07
experiment_001,4,5,3,0.48,0.32,105,0,1051,794,257,0,-0.00014518600117274794,-0.00014518600117273831,-0.04182064376683406,0.0,0.0,1.38140819384156e-07
experiment_001,4,5,4,0.57,0.28,299,0,2734,2050,684,0,-0.00042315999968767226,-0.00042315999968754595,-0.050949277411155666,0.0,0.0,1.5477688357266726e-07
experiment_001,4,5,5,0.78,0.4,198,0,1830,1371,459,0,-0.00039874273052953324,-0.0003989157759062364,-0.07865226883208246,0.0,0.0,2.1789220247515477e-07
experiment_001,4,5,6,0.71,0.5,267,0,2741,2070,671,0,-0.0005856283019540776,-0.0005856283019540368,-0.05890776789484584,0.0,0.0,2.1365498064723735e-07
experiment_001,4,5,7,0.66,0.22,320,0,3151,2377,774,0,-0.0006055887071647614,-0.0006055887071647868,-0.06494138955527128,0.0,0.0,1.921893707282645e-07
experiment_001,4,5,8,0.59,0.35,190,0,1937,1470,467,0,-0.0003452537143963097,-0.00034525371439634667,-0.04922039838816766,0.0,0.0,1.7824146329184806e-07
experiment_001,4,5,9,0.74,0.44,308,0,3046,2307,739,0,-0.000634473668620017,-0.0006345464720750714,-0.07364017275285754,0.0,0.0,2.0829733047275673e-07
experiment_001,4,5,10,0.61,0.29,263,0,2726,2067,659,0,-0.00047007573510171596,-0.0004700757351016862,-0.055176893381665364,0.0,0.0,1.7244157560591194e-07
experiment_001,4,5,11,0.5,0.42,173,0,1660,1249,411,0,-0.00021792119810026822,-0.00021792119810026939,-0.05042457318272969,0.0,0.0,1.3127783018088448e-07
experiment_001,4,5,12,0.68,0.38,252,0,2420,1825,595,0,-0.00044233044991859316,-0.00044233044991855267,-0.05085286150056343,0.0,0.0,1.8278117765231122e-07
experiment_001,4,5,13,0.76,0.25,243,0,2279,1710,569,0,-0.0005451414381355546,-0.0005451414381356358,-0.06325843164105172,0.0,0.0,2.392020351625953e-07
experiment_001,4,5,14,0.45,0.19,337,0,3350,2524,826,0,-0.0003949729496947052,-0.00039497294969463814,-0.04028055549266518,0.0,0.0,1.1790237304319558e-07
experiment_001,5,6,0,0.69,0.47,275,0,2714,2053,661,1,-0.0005263908685576579,-0.0005263908685577498,-0.06135038486151932,0.0,0.00036845983787767134,1.9395389408904125e-07
experiment_001,5,6,1,0.6,0.36,289,1,2867,2171,696,0,-0.0004767045474709519,-0.0004767045474708684,-0.04613066668735549,0.0,0.0,1.6627294993754863e-07
experiment_001,5,6,2,0.87,0.34,111,1,1040,782,258,0,-0.0002821615536354738,-0.0002821615536354593,-0.04848960316545878,0.0,0.0,2.713091861879556e-07
experiment_001,5,6,3,0.48,0.32,105,1,1035,785,250,0,-0.0001317224100532144,-0.0001317224100532009,-0.02821832720981464,0.0,0.0,1.272680290369221e-07
experiment_001,5,6,4,0.57,0.28,299,1,3024,2292,732,0,-0.0004978783361543337,-0.0004978783361543871,-0.05602409704845723,0.0,0.0,1.6464230692934316e-07
experiment_001,5,6,5,0.78,0.4,198,1,1930,1456,474,0,-0.0005042392061200829,-0.0005042392061201047,-0.054140086020204745,0.0,0.0,2.612638373679186e-07
experiment_001,5,6,6,0.71,0.5,267,1,2675,2024,651,0,-0.0005408151318310184,-0.0005408151318309809,-0.06854267493294144,0.0,0.0,2.0217388105832464e-07
experiment_001,5,6,7,0.66,0.22,320,1,3082,2318,764,0,-0.000599096337934979,-0.0005990963379349498,-0.06361853653498835,0.0,0.0,1.9438557363237475e-07
experiment_001,5,6,8,0.59,0.35,190,1,2042,1552,490,0,-0.00037416768015208213,-0.00037416768015210473,-0.05238851905369574,0.0,0.0,1.8323588646037323e-07
experiment_001,5,6,9,0.74,0.44,308,1,2906,2190,716,0,-0.0006165927262369308,-0.000616592726237064,-0.05532955515576752,0.0,0.0,2.1217919003335543e-07
experiment_001,5,6,10,0.61,0.29,263,1,2639,1988,651,0,-0.00048273305832657876,-0.00048273305832641043,-0.05421945555559915,0.0,0.0,1.8292272009343644e-07
experiment_001,5,6,11,0.5,0.42,173,1,1700,1286,414,1,-0.00024516769900762014,-0.0002451676990076202,-0.033853635852798686,0.0,0.000588235294117647,1.4421629353389421e-07
experiment_001,5,6,12,0.68,0.38,252,2,2703,2055,648,0,-0.0005496064958344649,-0.0005496064958345885,-0.05789329555142591,0.0,0.0,2.033320369346892e-07
experiment_001,5,6,13,0.76,0.25,243,2,2491,1892,599,3,-0.0005423465900075142,-0.0005423465900074717,-0.06731768461939765,0.0,0.0012043356081894822,2.177224367753971e-07
experiment_001,5,6,14,0.45,0.19,337,5,3296,2485,811,0,-0.00037479793507466663,-0.0003747979350746121,-0.03865734616931813,0.0,0.0,1.1371296573867313e-07
experiment_001,6,7,0,0.69,0.47,275,5,2912,2205,707,0,-0.0006216473373594766,-0.0006216473373595768,-0.0535840997468202,0.0,0.0,2.134777944228972e-07
experiment_001,6,7,1,0.6,0.36,289,5,2853,2155,698,0,-0.0005344962991977731,-0.000534958129166148,-0.06235926513128063,0.0,0.0,1.8734535548467334e-07
experiment_001,6,7,2,0.87,0.34,111,5,1200,914,286,0,-0.00034130574590973684,-0.00034130574590994397,-0.05037853993730773,0.0,0.0,2.844214549247807e-07
experiment_001,6,7,3,0.48,0.32,105,5,1162,884,278,0,-0.00016439227311204618,-0.0001643922731118421,-0.029247164611418977,0.0,0.0,1.4147355689504835e-07
experiment_001,6,7,4,0.57,0.28,299,5,3094,2349,745,0,-0.0005345745495228815,-0.0005345745495229703,-0.060446521202702067,0.0,0.0,1.7277781173978073e-07
experiment_001,6,7,5,0.78,0.4,198,5,1932,1457,475,0,-0.0004946831201189106,-0.0004947772978316118,-0.07334262463951827,0.0,0.0,2.5604716362262454e-07
experiment_001,6,7,6,0.71,0.5,267,5,2508,1881,627,0,-0.0005656666853063319,-0.0005656666853062508,-0.06270434359992663,0.0,0.0,2.255449303454274e-07
experiment_001,6,7,7,0.66,0.22,320,5,2926,2193,733,1,-0.0005397988108150065,-0.0005397988108151043,-0.060432133601628885,0.0,0.0003417634996582365,1.8448353069549093e-07
experiment_001,6,7,8,0.59,0.35,190,6,1868,1412,456,1,-0.0003099593836700665,-0.00030995938367005396,-0.04976479407754874,0.0,0.0005353319057815846,1.6593114757498207e-07
experiment_001,6,7,9,0.74,0.44,308,7,3114,2354,760,0,-0.00071866207464788,-0.0007188361472123515,-0.07624951530732027,0.0,0.0,2.3078422435705846e-07
experiment_001,6,7,10,0.61,0.29,263,7,2505,1887,618,0,-0.00044841398138795174,-0.0004484139813878976,-0.055931714283275,0.0,0.0,1.7900757740037994e-07
experiment_001,6,7,11,0.5,0.42,173,7,1679,1267,412,0,-0.00022208729120509751,-0.0002220872912050598,-0.036145767218436695,0.0,0.0,1.322735504497305e-07
experiment_001,6,7,12,0.68,0.38,252,7,2324,1747,577,2,-0.00044491643071620235,-0.0004449164307162187,-0.04430886379993252,0.0,0.0008605851979345956,1.9144424729612838e-07
experiment_001,6,7,13,0.76,0.25,243,9,2382,1802,580,2,-0.000558041311514712,-0.0005582954942549713,-0.060833519959541324,0.0,0.0008396305625524769,2.3427427015730984e-07
experiment_001,6,7,14,0.45,0.19,337,11,3359,2531,828,0,-0.00040710063594995294,-0.0004071006359499615,-0.036142490606675556,0.0,0.0,1.2119697408453496e-07
experiment_001,7,8,0,0.69,0.47,275,12,2841,2149,692,1,-0.0006205818773098448,-0.0006215461048876291,-0.06499631737998464,0.0,0.00035198873636043646,2.184378308024797e-07
experiment_001,7,8,1,0.6,0.36,289,12,2917,2200,717,1,-0.0005296417979346879,-0.0005296417979346568,-0.04089432533231259,0.0,0.00034281796366129587,1.8157072263787725e-07
experiment_001,7,8,2,0.87,0.34,111,13,1053,793,260,1,-0.00027335204635481336,-0.00027335204635482155,-0.06646548286698245,0.0,0.000949667616334283,2.5959358628187403e-07
experiment_001,7,8,3,0.48,0.32,105,14,976,735,241,0,-0.0001427639467403985,-0.00014276394674045664,-0.027049118364250405,0.0,0.0,1.4627453559467058e-07
experiment_001,7,8,4,0.57,0.28,299,14,2964,2238,726,0,-0.0004823789604921913,-0.0004832004354625758,-0.05849314355059584,0.0,0.0,1.6274593808778385e-07
experiment_001,7,8,5,0.78,0.4,198,14,1891,1428,463,0,-0.0004430598378021289,-0.00044305983780206334,-0.058734721548178215,0.0,0.0,2.3429922675945472e-07
experiment_001,7,8,6,0.71,0.5,267,14,2586,1946,640,0,-0.0005397892529884762,-0.0005397892529886213,-0.0642028138364692,0.0,0.0,2.0873520997234193e-07
experiment_001,7,8,7,0.66,0.22,320,14,3059,2306,753,0,-0.0005752520920118132,-0.0005756001050116925,-0.05409644959361418,0.0,0.0,1.8805233475378004e-07
experiment_001,7,8,8,0.59,0.35,190,14,1903,1439,464,1,-0.00032396315566429745,-0.0003239631556642571,-0.05454839089508236,0.0,0.0005254860746190226,1.7023812699122305e-07
experiment_001,7,8,9,0.74,0.44,308,15,3133,2377,756,1,-0.0007436050651591364,-0.0007439996520500301,-0.08080305838822047,0.0,0.0003191828917969997,2.3734601505238953e-07
experiment_001,7,8,10,0.61,0.29,263,16,2703,2047,656,0,-0.0005151459741219444,-0.0005151459741218592,-0.0546185612645565,0.0,0.0,1.9058304629002754e-07
experiment_001,7,8,11,0.5,0.42,173,16,1648,1240,408,1,-0.00023202795815557842,-0.00023202795815569172,-0.03761979326759414,0.0,0.0006067961165048543,1.4079366392935585e-07
experiment_001,7,8,12,0.68,0.38,252,17,2397,1810,587,1,-0.0005096430118146644,-0.0005096430118146225,-0.061053618341215476,0.0,0.00041718815185648727,2.1261702620553375e-07
experiment_001,7,8,13,0.76,0.25,243,18,2412,1829,583,4,-0.0005671741439435829,-0.0005671741439436149,-0.06525881439186682,0.0,0.001658374792703151,2.351468258472566e-07
experiment_001,7,8,14,0.45,0.19,337,22,3313,2494,819,2,-0.00040196614139087483,-0.0004026275874726,-0.04372053766787429,0.0,0.0006036824630244491,1.2132995514363864e-07
experiment_001,8,9,0,0.69,0.47,275,24,2558,1925,633,0,-0.0005415752775095317,-0.000542175562639139,-0.052432045339632284,0.0,0.0,2.1171824765814374e-07
experiment_001,8,9,1,0.6,0.36,289,24,2903,2194,709,4,-0.0005111709040825918,-0.0005118773512489939,-0.05471994116667754,0.0,0.0013778849466069584,1.7608367346971816e-07
experiment_001,8,9,2,0.87,0.34,111,28,1121,850,271,2,-0.000316736020282371,-0.00031677671639889626,-0.07203480582342009,0.0,0.001784121320249777,2.8254774333842197e-07
experiment_001,8,9,3,0.48,0.32,105,30,1148,875,273,0,-0.00015530582101330737,-0.00015560713115357616,-0.03474772556297667,0.0,0.0,1.3528381621368238e-07
experiment_001,8,9,4,0.57,0.28,299,30,3045,2306,739,2,-0.000553603601131547,-0.0005541029593402681,-0.059690213181751495,0.0,0.0006568144499178982,1.818074223748923e-07
experiment_001,8,9,5,0.78,0.4,198,32,1885,1416,469,1,-0.0004524995272280341,-0.0004536578262720091,-0.07184253219166417,0.0,0.0005305039787798408,2.40052799590469e-07
experiment_001,8,9,6,0.71,0.5,267,33,2727,2080,647,4,-0.000627576439022226,-0.0006281419600163364,-0.06983287109671685,0.0,0.0014668133480014668,2.3013437441225744e-07
experiment_001,8,9,7,0.66,0.22,320,37,3173,2396,777,5,-0.0006665665499149265,-0.0006668436955298588,-0.07744759766975777,0.0,0.001575795776867318,2.1007455087139188e-07
experiment_001,8,9,8,0.59,0.35,190,42,1979,1501,478,0,-0.00036290685008044665,-0.00036290685008044194,-0.0511875557911978,0.0,0.0,1.8337890352725954e-07
experiment_001,8,9,9,0.74,0.44,308,42,3002,2267,735,2,-0.0007086848010005031,-0.0007090934836400864,-0.070668593744304,0.0,0.0006662225183211193,2.3607088640922823e-07
experiment_001,8,9,10,0.61,0.29,263,44,2548,1921,627,2,-0.000465304683041845,-0.00046615004919514375,-0.05198016446517412,0.0,0.0007849293563579278,1.826156526851825e-07
experiment_001,8,9,11,0.5,0.42,173,46,1801,1364,437,2,-0.00027047658416556875,-0.0002706461255796409,-0.04087716904553322,0.0,0.001110494169905608,1.501813349059238e-07
experiment_001,8,9,12,0.68,0.38,252,48,2398,1807,591,5,-0.0004823055111397023,-0.00048251351480785374,-0.06673930850742613,0.0,0.002085070892410342,2.0112823650529704e-07
experiment_001,8,9,13,0.76,0.25,243,53,2354,1777,577,2,-0.0005849550152018379,-0.000584960379055351,-0.07026819268007958,0.0,0.0008496176720475786,2.4849405913417074e-07
experiment_001,8,9,14,0.45,0.19,337,55,3241,2438,803,3,-0.0004019336600081802,-0.0004023893445676011,-0.05161623215741853,0.0,0.0009256402344955261,1.2401532243387232e-07
experiment_001,9,10,0,0.69,0.47,275,58,2683,2017,666,3,-0.0005933670874064267,-0.0005943768692236105,-0.06735376398159917,0.0,0.0011181513231457323,2.2115806463154183e-07
experiment_001,9,10,1,0.6,0.36,289,61,2796,2103,693,4,-0.0005250821997437871,-0.0005255488654366525,-0.045666610391305845,0.0,0.001430615164520744,1.8779763939334303e-07
experiment_001,9,10,2,0.87,0.34,111,65,1064,801,263,6,-0.0003016769627569582,-0.00030185156323945254,-0.07873002411666502,0.0,0.005639097744360902,2.835309800347352e-07
experiment_001,9,10,3,0.48,0.32,105,71,1049,794,255,2,-0.0001602499251891487,-0.00016075633051747438,-0.040400880725681564,0.0,0.0019065776930409914,1.527644663385593e-07
experiment_001,9,10,4,0.57,0.28,299,73,2782,2086,696,2,-0.0004796236375341767,-0.00047982943661080185,-0.05991067209545105,0.0,0.0007189072609633358,1.7240245777648336e-07
experiment_001,9,10,5,0.78,0.4,198,75,2009,1526,483,3,-0.0005097755273266724,-0.0005106997972216821,-0.07162070097851106,0.0,0.0014932802389248383,2.5374590708146957e-07
experiment_001,9,10,6,0.71,0.5,267,78,2596,1954,642,2,-0.00057435335246947,-0.0005753012082146399,-0.06402576719783033,0.0,0.0007704160246533128,2.21245513277916e-07
experiment_001,9,10,7,0.66,0.22,320,80,2989,2250,739,2,-0.0006130508776946986,-0.0006142922794619893,-0.07203508970185112,0.0,0.0006691201070592171,2.0510233445791186e-07
experiment_001,9,10,8,0.59,0.35,190,82,1720,1291,429,5,-0.00030158386580558805,-0.0003016284013374821,-0.04706908224543527,0.0,0.0029069767441860465,1.7533945686371398e-07
experiment_001,9,10,9,0.74,0.44,308,87,3153,2390,763,5,-0.0007942544472951951,-0.0007963750029333828,-0.09360850581553934,0.0,0.001585791309863622,2.519043600682509e-07
experiment_001,9,10,10,0.61,0.29,263,92,2577,1947,630,2,-0.0004920373809612633,-0.0004925099879362489,-0.07351972945065516,0.0,0.0007760962359332557,1.909341796512469e-07
experiment_001,9,10,11,0.5,0.42,173,94,1781,1348,433,3,-0.0002740090414855567,-0.00027490703179062885,-0.03953636205797961,0.0,0.0016844469399213925,1.5385123048037997e-07
experiment_001,9,10,12,0.68,0.38,252,97,2505,1888,617,4,-0.0005422113972215481,-0.000542436886509937,-0.05863856138927721,0.0,0.0015968063872255488,2.1645165557746432e-07
experiment_001,9,10,13,0.76,0.25,243,101,2427,1833,594,3,-0.0006386177874908583,-0.0006409673774444536,-0.08510100723735728,0.0,0.0012360939431396785,2.6313052636623746e-07
experiment_001,9,10,14,0.45,0.19,337,104,3219,2427,792,3,-0.00043532498470666425,-0.000435929001245401,-0.0486348532280016,0.0,0.0009319664492078285,1.3523609341617405e-07
experiment_001,10,11,0,0.69,0.47,275,107,2699,2037,662,4,-0.0006288146059433286,-0.0006294127921457435,-0.07589732633625751,0.0,0.0014820303816228233,2.3298058760404913e-07
experiment_001,10,11,1,0.6,0.36,289,111,2887,2189,698,3,-0.0005672447596795083,-0.000568243796186144,-0.05704277526486472,0.0,0.0010391409767925182,1.9648242455126715e-07
experiment_001,10,11,2,0.87,0.34,114,114,1121,846,275,1,-0.00035179950790509285,-0.0003519069069169579,-0.0696842243734683,0.0,0.0008920606601248885,3.1382650125342803e-07
experiment_001,10,11,3,0.48,0.32,115,115,1133,855,278,4,-0.00016766430013814837,-0.00016766430013807803,-0.04233314582949932,0.0,0.00353045013239188,1.4798261265502946e-07
experiment_001,10,11,4,0.57,0.28,299,119,3025,2287,738,7,-0.0005479567312783873,-0.0005498038363824404,-0.06843886408056085,0.0,0.0023140495867768596,1.811427210837644e-07
experiment_001,10,11,5,0.78,0.4,198,126,2029,1535,494,6,-0.0005472747457666571,-0.0005494212712510608,-0.06921111187622128,0.0,0.002957121734844751,2.697263409397029e-07
experiment_001,10,11,6,0.71,0.5,267,132,2711,2052,659,6,-0.0006415600920171016,-0.0006432445972353775,-0.06918396763951049,0.0,0.0022132054592401327,2.3665071634714186e-07
experiment_001,10,11,7,0.66,0.22,320,138,2955,2219,736,8,-0.0006483856067519556,-0.0006499533950619407,-0.07223025714148729,0.0,0.0027072758037225042,2.1941983308018802e-07
experiment_001,10,11,8,0.59,0.35,190,146,1879,1418,461,6,-0.0003600368165435075,-0.00036083791581734663,-0.06209706585301514,0.0,0.0031931878658861094,1.9161086564316524e-07
experiment_001,10,11,9,0.74,0.44,308,152,3026,2276,750,13,-0.0007632614493595646,-0.0007660008508936869,-0.0773195373353216,0.0,0.004296100462656973,2.5223445120937366e-07
experiment_001,10,11,10,0.61,0.29,263,165,2579,1944,635,8,-0.0005334953781084284,-0.0005345245853446883,-0.058498764910032364,0.0,0.0031019775106630476,2.06861333116878e-07
experiment_001,10,11,11,0.5,0.42,173,173,1689,1274,415,6,-0.00027242694711571147,-0.0002742077437309802,-0.037279063872881844,0.0,0.003552397868561279,1.6129481771208494e-07
experiment_001,10,11,12,0.68,0.38,252,179,2366,1781,585,7,-0.000549215787044699,-0.0005519741610623,-0.07110966214555325,0.0,0.0029585798816568047,2.3212839689125061e-07
experiment_001,10,11,13,0.76,0.25,243,186,2371,1791,580,4,-0.000636254597254915,-0.0006406166018109981,-0.07088797017367815,0.0,0.001687051876845213,2.6834862811257485e-07
experiment_001,10,11,14,0.45,0.19,337,190,3353,2536,817,5,-0.00045198246513211693,-0.0004574446333290591,-0.05150662374804851,0.0,0.0014912019087384432,1.3479942294426392e-07
experiment_001,11,12,0,0.69,0.47,275,195,2660,2007,653,7,-0.0006337497551339721,-0.000639836975686686,-0.06739511911368656,0.0,0.002631578947368421,2.3825178764435043e-07
experiment_001,11,12,1,0.6,0.36,289,202,2840,2149,691,7,-0.0005685706919500433,-0.0005733327076383965,-0.0636694208423373,0.0,0.0024647887323943664,2.0020094786973356e-07
experiment_001,11,12,2,0.87,0.34,209,209,2027,1530,497,11,-0.0006459215434820864,-0.000653237300697467,-0.10421931216882925,0.0,0.005426739023186976,3.1865887690285466e-07
experiment_001,11,12,3,0.48,0.32,220,220,2139,1615,524,11,-0.0003238824848115218,-0.0003275474910049848,-0.049200527135032,0.0,0.005142589995324918,1.51417711459337e-07
experiment_001,11,12,4,0.57,0.28,299,231,2844,2139,705,11,-0.000535948703881628,-0.000537803689354013,-0.0558317730400191,0.0,0.003867791842475387,1.8844891135078339e-07
experiment_001,11,12,5,0.78,0.4,242,242,2383,1801,582,16,-0.0006701885091310311,-0.000675238001221511,-0.08011359245159919,0.0,0.006714225765841376,2.8123730974864925e-07
experiment_001,11,12,6,0.71,0.5,267,258,2575,1943,632,7,-0.000644017632656757,-0.0006517143262572353,-0.0771368921897399,0.0,0.0027184466019417475,2.5010393501233283e-07
experiment_001,11,12,7,0.66,0.22,320,265,3062,2307,755,10,-0.0006702100570505909,-0.0006801987533142472,-0.07457732144530738,0.0,0.0032658393207054214,2.1887983574480435e-07
experiment_001,11,12,8,0.59,0.35,275,275,2654,2003,651,12,-0.0005062042748554818,-0.0005163731640199046,-0.07407706656278362,0.0,0.00452147701582517,1.9073258283929232e-07
experiment_001,11,12,9,0.74,0.44,308,287,2963,2236,727,19,-0.0007541962026907933,-0.0007608460732527445,-0.07946726577343707,0.0,0.00641241984475194,2.5453803668268423e-07
experiment_001,11,12,10,0.61,0.29,306,306,2927,2208,719,16,-0.0005818806556717737,-0.0005887365258824942,-0.09109423569970299,0.0,0.005466347796378545,1.9879762749291894e-07
experiment_001,11,12,11,0.5,0.42,322,322,3077,2321,756,11,-0.00048165892938267785,-0.00048524992278698386,-0.0546915797930002,0.0,0.0035749106272343193,1.5653523866840358e-07
experiment_001,11,12,12,0.68,0.38,333,333,3198,2411,787,24,-0.0007365113675764645,-0.0007463888456859415,-0.10514553194015258,0.0,0.0075046904315197,2.3030374220652425e-07
experiment_001,11,12,13,0.76,0.25,357,357,3468,2616,852,34,-0.0009067729873495356,-0.0009259320779316154,-0.09534884589719839,0.0,0.00980392156862745,2.614685661330841e-07
experiment_001,11,12,14,0.45,0.19,391,391,3912,2956,956,17,-0.0005514997255008369,-0.0005632868401977952,-0.07403399449413603,0.0,0.0043456032719836404,1.4097641244908918e-07
experiment_001,12,13,0,0.69,0.47,408,408,4122,3117,1005,29,-0.0009760374949597805,-0.0009992502890326237,-0.08575850272252813,0.0,0.007035419699175158,2.3678735928184875e-07
experiment_001,12,13,1,0.6,0.36,437,437,4419,3341,1078,19,-0.0009024137030201329,-0.0009209060152487348,-0.08657605680027919,0.0,0.004299615297578638,2.0421219801315522e-07
experiment_001,12,13,2,0.87,0.34,456,456,4586,3468,1118,44,-0.0014190234781352729,-0.0014684611074682666,-0.13202730734717813,0.0,0.009594417793283908,3.0942509335701547e-07
experiment_001,12,13,3,0.48,0.32,500,500,4993,3774,1219,32,-0.000769377481925182,-0.0007925797959186064,-0.08640847117281097,0.0,0.006408972561586221,1.5409122409877467e-07
experiment_001,12,13,4,0.57,0.28,532,532,5345,4042,1303,39,-0.0010108548154413866,-0.0010368540348747231,-0.08671009451537233,0.0,0.007296538821328344,1.891215744511481e-07
experiment_001,12,13,5,0.78,0.4,571,571,5730,4334,1396,54,-0.0015557361212524823,-0.0016188044068913782,-0.11100726213535234,0.0,0.009424083769633508,2.715071764838538e-07
experiment_001,12,13,6,0.71,0.5,625,625,6242,4719,1523,65,-0.0015248844909284687,-0.0015910694477587217,-0.1260281824682391,0.0,0.010413329061198334,2.4429421514393924e-07
experiment_001,12,13,7,0.66,0.22,690,690,6955,5263,1692,64,-0.0015740267932169427,-0.001668738554247272,-0.13724440904530677,0.0,0.009202012940330698,2.2631585811889903e-07
experiment_001,12,13,8,0.59,0.35,754,754,7671,5807,1864,68,-0.0015194857013168805,-0.0016230592586629277,-0.13574596880498102,0.0,0.008864554816842654,1.9808182783429547e-07
experiment_001,12,13,9,0.74,0.44,822,822,8337,6309,2028,109,-0.002186709298594769,-0.0023645762682311376,-0.15096663709860275,0.0,0.013074247331174283,2.62289708359694e-07
experiment_001,12,13,10,0.61,0.29,931,931,9491,7180,2311,102,-0.001978150412838442,-0.0021586685672097027,-0.1524203496560198,0.0,0.010747023495943525,2.0842381338514823e-07
experiment_001,12,13,11,0.5,0.42,1033,1033,10550,7982,2568,137,-0.0017576697282503662,-0.001946302764069336,-0.11516172889147837,0.0,0.012985781990521326,1.6660376571093518e-07
experiment_001,12,13,12,0.68,0.38,1170,1170,11840,8953,2887,153,-0.002734327247190138,-0.003155529267758385,-0.2172428148495434,0.0,0.012922297297297297,2.3093980128295085e-07
experiment_001,12,13,13,0.76,0.25,1323,1323,13370,10109,3261,212,-0.0034295957361563656,-0.004094789791661928,-0.23491900244364877,0.0,0.01585639491398654,2.5651426598028163e-07
experiment_001,12,13,14,0.45,0.19,1535,1535,15373,11616,3757,148,-0.002175157102150327,-0.0026118831842629493,-0.13188283199533896,0.0,0.009627268587783776,1.414920381285583e-07
experiment_001,13,14,0,0.69,0.47,1683,1683,16825,12712,4113,221,-0.0038018647507892522,-0.0048193457429144835,-0.28676474933785284,0.0,0.01313521545319465,2.2596521550010415e-07
experiment_001,13,14,1,0.6,0.36,1904,1904,19003,14358,4645,246,-0.00362769980429406,-0.004750739104718534,-0.1926007457051788,0.0,0.012945324422459612,1.9090142631658474e-07
experiment_001,13,14,2,0.87,0.34,2150,2150,21596,16322,5274,384,-0.005891393010085011,-0.00844019287566781,-0.4209609003707964,0.0,0.017781070568623818,2.728001949474445e-07
experiment_001,13,14,3,0.48,0.32,2534,2534,25264,19083,6181,234,-0.0036306749059556997,-0.0051983899077081615,-0.2164155806342754,0.0,0.009262191260291324,1.4370942471325601e-07
experiment_001,13,14,4,0.57,0.28,2768,2768,27554,20810,6744,323,-0.004658834880836071,-0.007089847160321595,-0.3490402721129676,0.0,0.011722435943964578,1.6908016552355635e-07
experiment_001,13,14,5,0.78,0.4,3091,3091,30573,23083,7490,414,-0.006802423684840464,-0.011308094008352495,-0.4165964029367009,0.0,0.013541360023550192,2.2249774915253536e-07
experiment_001,13,14,6,0.71,0.5,3505,3505,34497,26040,8457,392,-0.006897465131739389,-0.01182519450368778,-0.45867009089750554,0.0,0.011363306954227903,1.9994391198479256e-07
experiment_001,13,14,7,0.66,0.22,3897,3897,38282,28897,9385,534,-0.007007642399517233,-0.012444585344959744,-0.4405849482883763,0.0,0.013949114466328823,1.830531947003091e-07
experiment_001,13,14,8,0.59,0.35,4431,4431,43656,32959,10697,530,-0.006963563682735652,-0.012897288778906597,-0.35668579281973195,0.0,0.012140370166758292,1.5950988827963286e-07
experiment_001,13,14,9,0.74,0.44,4961,4961,48980,36984,11996,652,-0.009194271738102444,-0.018844782125846244,-0.5156094325580022,0.0,0.013311555737035524,1.8771481702944965e-07
experiment_001,13,14,10,0.61,0.29,5613,5613,55497,41912,13585,686,-0.008533353579524894,-0.017719670140254513,-0.37675991565066286,0.0,0.012361028524064364,1.5376243003270256e-07
experiment_001,13,14,11,0.5,0.42,6299,6299,62417,47132,15285,627,-0.007661146861458523,-0.016316975225569966,-0.42863198846348555,0.0,0.010045340211801273,1.2274135029653017e-07
experiment_001,13,14,12,0.68,0.38,6926,6926,68668,51855,16813,887,-0.010930871606533554,-0.02539444024919015,-0.48375921688092366,0.0,0.01291722490825421,1.5918435962214648e-07
experiment_001,13,14,13,0.76,0.25,7813,7813,77273,58334,18939,1082,-0.0131448576718039,-0.032763852908707716,-0.5925000669582766,0.0,0.01400230352128169,1.7010932242573603e-07
experiment_001,13,14,14,0.45,0.19,8895,8895,87422,65977,21445,861,-0.00880988718832787,-0.021313116871715523,-0.31756317471940987,0.0,0.009848779483425225,1.0077425806236268e-07
